driverId,name,ssn,location,certified,wage-plan
10,Victoria Bell,151-97-7767,"62705 Karen Garden
North Danielle, CT 62814",N,hours
11,Bradley Ferguson,637-88-5434,"1720 Joanna Green
Josephchester, GA 76020",Y,hours
12,Colin Horton,239-24-6354,"1320 Debra Turnpike
Lake Ericaville, UT 96911",Y,miles
13,Joshua Little,075-61-4400,"789 Jessica Extension
East Georgebury, OR 41692",N,miles
14,Anthony Hernandez,429-68-0353,"2160 Elizabeth Gateway
Clineborough, SC 10886",N,miles
15,Kristin Nguyen,008-56-9019,"5791 Michael Crossroad
East Patrickberg, VT 34738",N,hours
16,Aaron Lambert,464-42-1382,"345 Vang Causeway
Alexandershire, NM 01431",N,miles
17,Brittney Smith,085-06-1020,"00000 Jimenez Viaduct Suite 504
Donaldfurt, MP 94491",Y,hours
18,Jennifer Anderson,043-44-7376,"3492 Mark Club
New Kylebury, NY 85584",Y,miles
19,Nicholas Galloway,194-19-5836,"485 White Point Apt. 092
New Lisaside, IN 52509",Y,miles
20,Richard Wilson,105-79-1316,"5657 Jeffrey Causeway
Robertsstad, NC 80608",Y,miles
21,Vincent Rogers,053-65-9268,"PSC 0855, Box 4521
APO AA 52244",Y,hours
22,Michele Martinez,366-74-0967,"3447 James Inlet
North Tammybury, AL 11779",Y,miles
23,Heather Wall,853-19-3832,"54167 Lester Road
South Christineport, ID 46190",N,miles
24,Albert Gonzalez,868-51-4702,"636 Michael Tunnel
Lake Charles, DC 81572",N,hours
25,Maria Barnes,764-04-0808,"501 Alexandra Wall
Lake Valeriehaven, CO 71649",N,hours
26,Cynthia Walker,175-05-9770,"124 Beth Ports
East Joshua, DC 25368",Y,hours
27,Jennifer Thompson,475-72-5845,"42814 Julia Shoal
East Adam, WA 85570",Y,miles
28,Laura Shaw,141-18-7051,"00498 Tonya Rue Suite 198
Joycemouth, ME 64223",N,miles
29,Robert Santiago,503-02-4295,"80928 Martin Ramp
North Rachelmouth, WA 09501",Y,hours
30,Misty Williams,779-08-9009,"70611 Johnson Crossroad Apt. 671
Smithfurt, VI 12206",Y,miles
31,Michael Lam,024-86-9038,"284 Gibson Circle Suite 459
Beckerside, MT 49041",Y,hours
32,Melissa Orozco,461-98-5473,"77366 Samantha Island
Port Lacey, VT 91027",N,miles
33,Sarah King,462-56-4211,"364 Michael Place Apt. 191
Justinfurt, AK 40395",Y,hours
34,Heather Gibson,539-84-1320,"893 Gutierrez Island
West Lisa, AS 94888",N,miles
35,Michael Stewart,182-21-1890,"148 Le Mountain Apt. 516
Justinhaven, ID 67847",Y,hours
36,Billy Crawford,564-67-6879,"8225 Rachel Curve
New Jerryton, OK 56100",N,miles
37,Colleen Burgess,276-23-7873,"1460 Wendy Center Suite 275
Alicestad, SC 94250",N,hours
38,Matthew Bass,468-15-7580,"3299 Jacobs Shore Suite 373
West Nicole, AR 36447",N,hours
39,Mary Kelley,207-24-4569,"965 Anthony Hill Apt. 001
West Courtney, GU 61273",Y,miles
40,Shelby Dean,512-73-8916,"349 Brown Cliffs Suite 796
Lake Michellemouth, VT 18354",N,hours
41,George Hampton,259-16-2525,"722 Erickson Island
West Ericberg, NJ 91789",Y,miles
42,Michael Farrell,408-79-2550,"077 Brown Road
Latoyaton, NH 09315",Y,miles
43,Ashley Lawrence,765-20-4360,"12365 Marks Mountains
North Carlview, IL 97178",Y,hours
44,Beverly Snyder,847-65-2848,"19916 Alyssa Crossroad
Ballville, WV 85569",N,hours
45,Joshua Mathis,458-38-2919,"2572 Bishop Club
West Nicolas, NJ 99589",N,hours
46,Paula Medina,170-31-7697,"85027 Mark Avenue
Lake Johnmouth, LA 63481",N,miles
47,Lori Green,692-40-3102,"2979 Christine Island
Lukehaven, AK 04688",N,hours
48,Samuel Lee,752-76-7816,"Unit 2586 Box 7699
DPO AP 49693",N,hours
49,Mariah White,252-45-8400,"17721 Michael Isle
West Shawn, SC 04692",Y,hours
50,Briana Johnson,421-99-0857,"2469 Hill Manor
Karenshire, NM 23008",Y,hours
51,Emily Carr,746-16-0179,"10395 Williams Divide Apt. 333
West Jennifer, FM 53755",N,miles
52,Derek Myers,002-67-3467,"3173 King Crest
Port Susantown, FM 81869",Y,hours
53,Peter Warren,018-11-5042,"7730 Greene Ways
Johnsonhaven, OH 77223",N,miles
54,Matthew Fernandez,868-74-1984,"15547 Frederick Manor Apt. 906
Morganbury, CT 19646",N,miles
55,Tanya Tran PhD,539-35-9572,"PSC 0455, Box 2371
APO AP 58821",N,hours
56,Kristen Thomas,035-25-6709,"86484 Rebecca Course Apt. 653
North Helenton, NV 88528",N,miles
57,Mark Manning,106-56-5819,"23955 Zachary Cove
Allentown, UT 68144",Y,hours
58,Melissa Owens,842-33-9725,"74388 Wendy Parkway
Port Samantha, CT 54616",Y,miles
59,Melinda Dickerson,206-42-4648,"685 Christina Brook
Cruzchester, AS 06691",N,hours
60,Alexander Russell,177-66-1145,"67563 Wheeler Squares
Dianamouth, NJ 06900",Y,hours
61,Casey Gomez,425-07-1748,"11100 Candice Flat
Williamsonstad, MT 03720",N,hours
62,Kevin Russell,188-34-7260,"33052 Bishop Manors Apt. 240
Elizabethfurt, AZ 63058",N,hours
63,Cheryl Saunders,279-49-0684,"971 Amy Pass Suite 638
Port David, VT 19371",Y,miles
64,Timothy Davis,137-33-5546,"USNS Johnson
FPO AP 56461",N,hours
65,Dr. Evelyn Harris,872-01-7779,"55222 Arthur Mount Apt. 391
Carrieton, VT 54198",Y,hours
66,April Paul,840-65-7603,"707 Nicholas Roads Apt. 653
Nashfurt, PW 59937",N,hours
67,Melissa Mueller,509-03-3582,"196 Erickson Island Apt. 130
North Codyfurt, ME 76762",Y,hours
68,Dana Green,559-36-0492,"65919 Julie Junctions Suite 976
Dominguezberg, ID 59261",Y,hours
69,Ashley Porter,559-11-1512,"6197 Benton Cove
North Jeremy, NC 61808",Y,hours
70,Michael Young,460-02-2625,"5285 Hinton Key
Lake Gary, NJ 04060",Y,hours
71,Kellie Wood,493-01-2012,"5794 Davis Turnpike
Larryside, VA 80087",Y,miles
72,Robert Fitzpatrick,778-75-9524,"1833 Diana Brooks
Triciamouth, FM 86420",N,hours
73,Adam Levine,742-46-5579,"241 Eugene Ville Suite 694
South Stefaniechester, WV 01981",Y,miles
74,Paul Vaughn,078-61-2292,"966 Garcia Forks Suite 999
South Laura, MO 68054",N,hours
75,Diana Morales,373-76-4206,"012 Phillips Terrace Suite 315
Prestonview, IL 17025",Y,miles
76,Lisa Martin,837-59-0863,"8069 Christopher Terrace Apt. 572
Laurenchester, DC 97278",Y,miles
77,Sean Jimenez,795-83-9729,"9793 Kimberly Hill
Weaverfurt, UT 17214",N,hours
78,Jonathan Martinez,249-08-0501,"29130 Benjamin Run
Frederickmouth, PR 88898",N,miles
79,Theresa Palmer,040-15-7663,"7767 Michele Parkways
Danielleville, CO 22929",N,hours
80,Adrian Conner,355-19-8083,"6722 Rachel Mission Apt. 583
Katiefort, ME 66824",Y,hours
81,Nathan Stewart,078-82-2683,"758 Hampton Forge Apt. 295
Melindaville, MN 54352",Y,hours
82,Gregory Cole,116-85-8232,"USNV Sutton
FPO AA 33266",N,miles
83,Christopher Anderson,773-10-7623,"4441 Frank Mountains Apt. 311
Lake Samantha, KY 78115",Y,hours
84,Katherine Dean,357-94-8368,"05042 Wright Forest
Seanbury, DE 82069",N,hours
85,Courtney Stewart,604-82-6471,"247 Daniel Crest
Port Bernard, TX 28728",N,miles
86,Joseph Reeves,520-92-7685,"25452 Tammy Courts Suite 671
Manuelland, MH 59165",N,hours
87,Renee Levine,246-28-5080,"USS Simpson
FPO AA 04300",N,hours
88,Caleb Ramirez,346-31-4419,"USNS Stewart
FPO AA 80459",Y,hours
89,Cindy Evans,825-79-3816,"499 Williams Expressway
South Markview, ME 07171",Y,miles
90,Ashley Kim,582-08-3458,"560 Levy Mount
South Robert, WI 42010",N,hours
91,Scott Smith,720-35-4054,"77013 Martinez Causeway Suite 056
Lopezburgh, AS 41756",Y,hours
92,Lauren Johnson,469-14-5884,"2939 Snyder Shore
Robinsonstad, MA 54220",Y,miles
93,Nathan White,182-45-7724,"12016 Matthew Avenue
Brownside, SC 36703",Y,miles
94,Vicki Bush,871-41-5212,"1332 Blevins Streets Apt. 097
Ortizhaven, ID 45230",N,miles
95,Derrick Anderson,647-60-4858,"523 Laura Pine Apt. 316
Lake Evanport, DC 64887",N,miles
96,Brittany Adams,786-98-1788,"81815 Wilson Cove Suite 105
Wrightfort, MP 83558",N,hours
97,Amy Hernandez,495-82-8816,"556 Evans Prairie Suite 098
Lake Anna, SD 10816",N,hours
98,William Wilcox,006-63-8974,"0052 David Centers
Dixonfurt, OK 97251",N,hours
99,Scott Crawford,183-53-4186,"31026 Madison Wells Suite 430
Williamsbury, MD 39501",Y,hours
100,Miguel Tran,105-56-0414,"38365 Latoya Place Apt. 469
North April, WY 93566",Y,miles
101,Zachary Lewis,661-42-3126,"465 Alicia Wall
Lake David, NV 02301",N,miles
102,John Keller,445-78-4416,"45284 Fuentes Mews
North Timothybury, IL 81542",N,miles
103,Kimberly Robinson,583-54-9181,"6488 Courtney Ranch
South Valerie, NC 33997",Y,miles
104,Destiny Patterson,079-09-1102,"85893 Rice Route
West Jay, IN 44978",N,hours
105,Joseph Parker,612-15-6179,"592 Collier Pike Suite 473
Lake Sheilaberg, IA 22770",Y,hours
106,Melissa Wagner,708-50-8912,"42249 Rachel Meadows
Frankport, HI 09084",N,hours
107,Teresa Duncan MD,256-04-6832,"12392 Carr Well
Rebeccamouth, KY 27726",Y,hours
108,Kimberly Flores,524-63-7729,"031 Harris Ranch Suite 604
West Matthew, GU 57693",Y,hours
109,Troy Cain,411-62-4118,"5556 Carter Route Suite 935
South David, OR 36657",Y,hours
